name,id,place,country,university,since,solved,tried,submission
Luis Fernando Veronese Trivelatto,20268,6ยบ,BR,UNIOESTE,06/05/14,1.099,1.137,2.140
id,time,date
1903,1.096,16/11/16 22:57:43
1345,0.004,23/08/16 03:55:03
1227,0.292,02/03/17 05:58:10
1146,0.176,20/04/15 18:35:21
2239,0.392,09/01/17 14:25:23
2251,0.000,16/01/17 01:53:06
2247,0.000,16/01/17 01:54:23
2467,0.588,05/01/17 09:59:16
1543,0.020,28/08/16 04:47:04
1534,0.016,24/05/14 02:49:19
1022,0.008,21/11/14 22:17:47
2473,0.000,22/12/16 23:28:35
1278,0.036,12/06/14 02:05:55
1077,0.004,21/10/15 02:51:19
1910,0.108,13/10/15 01:41:10
2531,0.668,18/04/17 05:07:34
1198,0.052,08/05/14 18:47:15
1941,0.140,14/10/15 17:16:23
2579,0.000,12/06/17 23:42:29
2228,0.032,15/04/17 04:41:39
2232,0.000,15/04/17 04:55:22
2570,0.088,12/06/17 23:43:08
2230,0.012,15/04/17 05:21:13
1149,0.052,29/10/15 22:54:44
1211,0.628,16/09/15 01:23:12
1239,0.032,14/06/14 22:53:17
2073,1.124,19/05/17 03:58:58
2527,0.424,17/04/17 05:51:39
2581,0.000,20/06/17 06:45:16
2588,0.000,20/06/17 06:49:12
2194,0.020,24/10/16 05:51:36
2196,1.460,24/10/16 05:58:17
1932,0.096,19/09/15 13:38:57
2064,0.012,24/10/16 00:54:44
2067,0.112,24/10/16 00:55:42
1844,0.288,28/12/16 06:22:00
2063,0.000,24/10/16 00:57:21
2066,0.000,24/10/16 00:57:46
1710,0.464,18/06/17 08:08:44
2359,0.232,16/12/16 05:42:18
1889,0.332,22/08/16 05:08:49
1319,0.028,27/12/16 09:11:07
2144,0.000,16/01/17 21:09:22
2511,0.288,16/03/17 04:37:38
2510,0.000,16/03/17 04:38:30
2357,0.128,16/12/16 06:06:49
1841,0.268,28/12/16 07:01:12
2582,0.000,20/06/17 07:19:35
1384,0.548,04/12/16 22:05:11
2424,0.000,25/12/16 08:46:18
2583,0.000,20/06/17 07:25:42
2584,0.008,20/06/17 07:30:40
2586,0.000,20/06/17 07:41:50
1422,0.004,16/03/17 05:31:47
2422,0.024,25/12/16 08:50:44
2356,0.000,16/12/16 06:13:01
1001,0.000,06/05/14 14:09:15
1002,0.000,07/05/14 19:23:00
1003,0.000,07/05/14 19:25:06
1004,0.000,07/05/14 19:25:42
1005,0.000,07/05/14 19:27:41
1006,0.000,07/05/14 19:28:53
1007,0.000,24/10/14 19:04:06
1008,0.000,07/05/14 19:40:18
1009,0.000,11/06/14 22:38:47
1010,0.000,16/05/14 03:09:32
1011,0.000,16/05/14 03:11:57
1012,0.000,16/05/14 03:16:23
1013,0.000,16/05/14 03:19:45
1014,0.000,16/05/14 23:31:00
1015,0.000,09/05/14 01:54:23
1016,0.000,16/05/14 03:26:20
1017,0.000,16/05/14 23:33:18
1018,0.000,07/05/14 21:30:35
1019,0.000,07/05/14 22:26:31
1020,0.000,16/05/14 23:28:44
1021,0.000,16/05/14 23:25:05
1022,0.008,21/11/14 22:17:47
1023,0.220,07/08/14 03:46:45
1024,0.068,14/06/14 20:10:51
1025,0.060,26/09/14 19:02:07
1026,0.044,20/06/17 00:40:49
1027,0.200,29/04/16 01:17:54
1028,0.012,07/05/14 20:40:12
1065,0.000,07/05/14 20:42:42
1018,0.000,07/05/14 21:30:35
1169,0.000,08/05/14 01:44:20
1170,0.000,08/05/14 01:18:22
1015,0.000,09/05/14 01:54:23
1306,0.004,09/05/14 03:47:40
1542,0.000,09/05/14 03:10:16
1555,0.000,10/05/14 03:43:19
1039,0.000,10/05/14 05:05:34
1465,0.000,12/05/14 21:12:56
1153,0.000,13/05/14 17:24:12
1173,0.000,14/05/14 00:43:51
1172,0.000,14/05/14 00:53:02
1175,0.000,15/05/14 23:44:51
1179,0.000,16/05/14 00:05:47
1190,0.000,16/05/14 00:42:29
1182,0.000,16/05/14 00:33:15
1181,0.000,16/05/14 00:31:18
1016,0.000,16/05/14 03:26:20
1010,0.000,16/05/14 03:09:32
1185,0.000,16/05/14 23:54:13
1176,0.000,17/05/14 00:01:57
1014,0.000,16/05/14 23:31:00
1129,0.000,17/05/14 00:29:06
1017,0.000,16/05/14 23:33:18
1165,0.000,17/05/14 00:07:12
1087,0.000,17/05/14 01:17:31
1089,0.004,17/05/14 02:15:56
1796,0.052,01/03/17 09:14:37
2104,0.008,18/06/17 00:24:51
2224,0.008,23/09/16 19:36:12
2498,0.004,28/06/17 22:24:43
2031,0.004,27/06/17 04:59:34
2594,0.000,27/06/17 04:42:30
2029,0.000,27/06/17 04:54:01
1846,0.764,14/10/15 00:49:09
1344,0.044,04/12/16 21:33:58
2464,0.000,23/12/16 20:56:24
1867,0.000,20/09/15 05:56:30
1434,0.256,06/09/16 19:14:19
1866,0.000,20/09/15 05:57:51
1865,0.000,20/09/15 06:00:52
1871,0.000,16/09/15 00:20:55
1756,0.000,19/10/15 19:59:29
1270,0.104,11/07/17 05:57:58
1582,0.000,20/09/15 13:57:32
1911,0.000,21/09/15 16:07:14
1897,0.000,20/09/15 01:25:56
2153,0.000,11/08/16 06:53:33
2412,0.016,06/12/16 01:58:42
2292,0.024,30/12/16 06:34:24
1372,0.060,09/12/15 23:28:39
1311,1.228,29/08/15 12:43:02
1716,0.000,18/10/15 19:50:38
1895,0.000,19/09/15 15:55:37
1098,0.000,26/10/15 11:19:33
2156,0.000,11/08/16 07:08:54
1832,0.016,02/10/15 00:21:42
1124,0.004,20/10/15 02:09:31
1934,0.020,19/09/15 15:10:11
1310,0.004,17/06/14 23:40:34
1800,0.000,11/01/16 06:26:53
1231,0.000,31/10/16 19:32:12
1106,0.220,19/04/17 17:04:07
2589,0.600,20/06/17 22:32:50
2248,0.000,16/01/17 01:56:51
1110,0.128,24/10/14 19:18:44
1031,0.012,20/10/15 01:06:13
1472,0.060,03/06/14 13:30:13
1033,0.072,28/04/16 19:38:15
2107,0.024,18/06/17 19:11:47
1546,0.008,08/05/14 20:53:47
1924,0.000,16/09/15 03:36:28
1780,0.024,11/01/16 04:57:28
2569,0.000,12/06/17 23:42:13
2568,0.000,12/06/17 23:42:51
2227,0.032,15/04/17 04:36:22
2229,0.000,15/04/17 05:40:18
2231,0.024,15/04/17 04:53:32
1878,0.000,29/04/17 05:51:37
2524,0.028,17/04/17 05:39:20
1399,0.320,31/05/17 00:01:15
1273,0.068,12/06/14 01:03:37
1152,0.036,16/09/15 01:08:49
2525,1.248,18/04/17 04:39:56
2460,0.036,24/12/16 06:25:31
1226,0.168,18/04/17 19:14:22
2530,0.124,18/04/17 04:53:05
2597,0.000,29/06/17 19:08:15
2596,0.000,29/06/17 19:08:54
2076,0.024,16/05/17 05:49:05
2149,0.000,11/08/16 06:23:06
1837,0.000,28/07/15 23:24:11
1078,0.000,20/04/15 18:14:43
2132,0.000,01/01/17 02:00:22
2381,0.000,26/12/16 01:19:25
1394,0.112,22/04/16 22:40:21
1936,0.000,19/09/15 14:05:40
1919,0.000,21/09/15 17:08:54
1795,0.000,04/10/15 20:22:46
1612,0.000,31/10/15 22:08:13
2599,0.580,06/07/17 06:12:34
1302,0.420,25/09/16 01:10:34
1085,0.824,09/08/15 02:48:58
1943,0.000,19/10/15 19:39:18
1028,0.012,07/05/14 20:40:12
1944,0.000,19/10/15 19:39:52
2237,0.048,15/09/16 09:10:21
1529,0.000,04/10/15 15:18:11
2465,0.000,23/12/16 20:49:46
1507,0.012,07/05/17 07:25:29
1916,0.000,21/09/15 16:03:42
2250,0.024,16/01/17 02:29:50
2187,0.000,16/01/17 02:31:40
2189,0.000,16/01/17 02:32:58
2601,0.000,06/07/17 06:19:15
1972,0.220,27/10/15 00:12:38
1216,0.008,11/06/14 20:58:02
1940,0.104,19/09/15 14:01:39
1959,0.000,26/10/15 22:36:57
1961,0.000,26/10/15 22:44:58
1899,0.004,21/09/15 18:49:20
2130,0.440,19/01/17 04:05:16
1380,0.020,11/04/17 15:00:19
1466,0.092,11/02/16 20:20:20
1495,0.196,31/05/14 22:16:23
1769,0.004,11/01/16 05:39:26
1655,0.012,02/01/17 05:35:39
1782,0.140,01/01/17 05:55:31
1200,0.000,11/11/15 20:23:17
1621,0.040,24/05/16 05:47:37
1779,0.332,24/04/15 20:20:36
1391,0.068,09/12/15 22:28:25
1351,0.120,06/01/16 12:35:05
1225,0.028,10/06/14 23:04:10
2375,0.000,26/12/16 03:16:35
1250,0.024,14/11/14 18:02:20
1419,0.004,07/01/16 03:01:58
1223,0.012,18/06/17 05:03:01
1431,0.588,07/01/16 03:21:51
2298,0.000,24/10/16 02:16:22
1799,0.012,01/03/17 09:27:49
1202,0.032,21/11/15 15:14:25
2006,0.000,12/12/15 21:26:05
2008,0.008,12/12/15 21:27:11
1925,0.220,15/09/15 23:43:26
1657,0.180,04/01/16 13:23:33
2158,0.000,16/01/17 20:53:25
1500,0.492,09/11/16 16:30:33
2180,0.000,23/08/16 23:39:10
1523,0.020,30/12/16 05:01:06
2448,0.104,24/12/16 07:39:09
2135,0.000,17/01/17 07:23:17
1626,1.668,31/12/16 06:05:39
1704,0.160,12/12/15 02:33:00
2145,0.000,16/01/17 21:00:01
2495,0.184,14/03/17 06:45:51
2532,0.236,18/04/17 05:26:21
2143,0.000,16/01/17 21:04:54
1127,0.048,07/08/14 00:58:14
2007,0.244,11/01/17 22:35:40
2496,0.000,14/03/17 07:44:21
2192,0.000,23/08/16 01:15:10
2295,0.000,24/10/16 01:59:53
1477,1.828,09/09/16 22:44:03
1856,0.352,02/03/17 01:01:24
2426,0.004,25/12/16 08:36:05
2493,0.000,26/12/16 20:50:54
2364,0.072,15/12/16 06:00:07
1986,0.000,07/02/17 14:32:31
2134,0.004,17/01/17 07:28:37
2432,0.124,25/12/16 06:53:33
2057,0.000,24/10/16 00:50:00
2058,0.000,24/10/16 00:50:11
2060,0.000,24/10/16 00:51:18
1718,0.000,19/10/15 01:05:48
1095,0.000,17/08/15 16:21:51
1842,0.148,09/07/16 21:38:07
2151,0.000,11/08/16 06:38:56
2380,0.036,26/12/16 01:22:53
1929,0.000,20/09/15 13:45:35
1096,0.000,17/08/15 16:23:00
1219,0.012,02/01/17 08:26:39
1744,0.000,26/08/15 15:30:10
2427,0.000,25/12/16 07:34:33
2226,0.484,15/04/17 06:46:14
1097,0.000,17/08/15 16:24:18
1845,0.296,31/10/15 20:35:30
2416,0.000,06/12/16 01:56:31
2413,0.000,06/12/16 01:57:40
1771,0.000,11/01/16 05:46:55
2287,0.000,24/10/16 00:24:09
1111,0.008,20/02/16 00:29:46
1968,0.920,27/10/15 03:28:27
1964,0.000,27/10/15 02:26:58
1772,0.076,11/01/16 06:02:00
1876,0.000,27/09/15 20:05:28
2342,0.000,07/12/16 22:29:48
1870,0.000,20/09/15 05:49:04
1132,0.000,03/10/15 15:53:58
2234,0.000,14/09/16 04:09:32
1148,0.140,24/08/16 04:34:04
1133,0.000,06/10/15 21:34:30
2434,0.000,25/12/16 06:45:24
1540,0.000,14/05/15 03:08:58
1036,0.000,13/05/14 17:05:35
1079,0.000,17/08/15 16:19:02
1341,0.000,01/01/17 00:41:39
1117,0.000,20/10/15 01:15:34
1118,0.016,20/10/15 01:18:23
1633,0.212,31/12/16 08:47:35
1492,0.004,22/10/15 03:11:26
2445,0.044,01/03/17 05:53:51
1639,0.044,18/07/16 20:58:08
2249,0.016,16/01/17 02:22:11
2387,0.004,26/12/16 01:02:37
2055,0.164,06/07/16 06:22:21
2253,0.000,17/10/16 20:24:02
1080,0.000,17/08/15 16:20:17
1346,0.020,30/08/16 03:41:03
1745,0.012,20/04/15 17:04:37
1074,0.000,20/04/15 18:13:11
1843,0.164,28/12/16 08:57:47
1743,0.000,20/04/15 17:05:46
2096,0.132,13/02/17 06:22:42
2204,0.000,13/02/17 06:26:36
1719,0.000,17/04/15 00:07:47
2184,0.152,23/08/16 04:30:35
1488,0.408,05/03/17 07:23:35
2385,0.000,26/12/16 01:16:29
1917,0.900,21/09/15 15:58:30
1157,0.000,31/05/14 03:46:23
1151,0.000,31/05/14 04:01:10
1099,0.000,07/06/14 00:38:02
1217,0.000,11/06/14 22:01:43
1168,0.000,11/06/14 23:09:11
1241,0.000,12/06/14 00:48:37
1457,0.000,12/06/14 19:13:33
1140,0.000,14/06/14 19:32:26
1144,0.000,14/06/14 22:30:39
1448,0.000,15/06/14 00:41:36
1263,0.000,26/06/14 02:50:08
1574,0.000,06/08/14 00:49:43
1557,0.000,06/08/14 00:40:01
2080,0.048,17/05/17 04:41:42
1627,0.000,05/02/15 01:37:11
1619,0.004,15/09/14 22:55:53
1290,0.008,19/09/14 02:35:49
1038,0.000,26/05/14 19:40:24
1068,0.000,14/06/14 19:55:45
1728,0.000,16/04/15 21:58:27
2337,0.000,09/04/17 20:35:31
1396,0.032,09/02/15 20:04:22
1664,0.004,30/12/16 04:51:22
2437,0.000,25/12/16 06:30:58
2459,0.000,24/12/16 06:35:23
1321,0.000,21/11/14 22:50:34
2517,0.000,18/04/17 05:43:40
2081,1.252,17/05/17 05:02:22
1030,0.000,29/05/14 01:21:13
1436,0.000,25/05/14 19:19:40
1091,0.000,26/05/14 21:19:00
1044,0.000,26/05/14 23:09:06
1043,0.000,26/05/14 23:05:05
1147,0.000,27/05/14 00:36:25
1071,0.000,29/05/14 01:32:42
1094,0.000,29/05/14 01:44:23
1070,0.000,29/05/14 01:27:43
1426,0.000,30/05/14 01:37:10
1155,0.000,31/05/14 04:05:13
1189,0.000,31/05/14 03:06:18
1159,0.000,31/05/14 03:43:44
1156,0.000,31/05/14 04:07:16
1188,0.000,31/05/14 03:04:08
1521,0.000,01/06/14 01:45:12
1441,0.000,06/06/14 23:45:31
1158,0.000,07/06/14 00:40:41
1960,0.000,26/10/15 23:02:38
1218,0.004,11/06/14 22:18:51
1009,0.000,11/06/14 22:38:47
1120,0.000,14/06/14 20:17:46
1048,0.000,15/06/14 00:01:13
1050,0.000,14/06/14 23:54:16
1257,0.004,15/06/14 00:09:29
1019,0.000,07/05/14 22:26:31
1307,0.000,01/07/14 02:57:33
1052,0.000,01/07/14 02:08:16
1029,0.000,26/05/14 19:37:16
1030,0.000,29/05/14 01:21:13
1031,0.012,20/10/15 01:06:13
1032,0.308,17/07/15 18:38:34
1033,0.072,28/04/16 19:38:15
1034,1.384,29/11/15 04:19:44
1035,0.000,07/05/14 21:53:47
1036,0.000,13/05/14 17:05:35
1037,0.000,09/05/14 02:14:14
1038,0.000,26/05/14 19:40:24
1039,0.000,10/05/14 05:05:34
1040,0.000,07/05/14 23:34:19
1041,0.000,13/05/14 17:11:05
1042,0.000,26/05/14 23:01:53
1043,0.000,26/05/14 23:05:05
1044,0.000,26/05/14 23:09:06
1045,0.000,26/05/14 23:13:11
1046,0.000,07/05/14 21:38:50
1047,0.000,16/05/14 23:45:56
1048,0.000,15/06/14 00:01:13
1049,0.000,14/06/14 23:51:41
1050,0.000,14/06/14 23:54:16
1051,0.000,01/07/14 02:01:35
1052,0.000,01/07/14 02:08:16
1055,0.000,15/04/17 08:53:23
1056,0.004,26/02/16 19:56:25
1057,0.028,02/01/17 06:37:51
1058,0.008,17/06/17 04:48:18
1213,0.028,08/02/15 18:22:46
1713,0.160,23/07/16 22:59:02
1858,0.000,31/10/15 21:25:52
1618,0.004,31/10/15 22:26:06
1905,0.000,17/11/16 04:26:51
1432,0.004,15/04/17 09:25:56
2372,0.004,26/12/16 03:01:11
1798,0.000,01/03/17 09:18:50
1893,0.000,19/09/15 15:39:46
1868,0.008,20/09/15 18:33:39
2378,0.000,26/12/16 03:04:58
2377,0.000,26/12/16 03:06:16
1738,0.336,11/11/15 18:02:45
1984,0.000,29/10/15 23:51:36
1564,0.000,21/10/15 19:11:39
1101,0.000,31/10/15 19:24:31
1113,0.000,31/10/15 19:25:51
1983,0.000,29/10/15 23:57:05
1589,0.000,31/10/15 19:28:44
1086,0.088,29/08/15 03:31:48
1212,0.004,22/05/15 13:41:10
2014,0.016,20/12/15 20:50:02
1979,0.000,27/10/15 19:54:33
1977,0.000,27/10/15 19:54:59
2190,0.000,16/01/17 20:29:25
1982,0.004,27/10/15 19:58:45
2137,0.000,07/11/16 18:06:00
1963,0.000,26/10/15 22:51:44
2296,0.024,24/10/16 02:07:12
2136,0.000,17/01/17 07:41:48
1107,0.032,19/04/15 06:50:39
2443,0.000,25/12/16 05:58:57
2420,0.028,25/12/16 09:03:02
2418,0.000,25/12/16 09:04:18
2419,0.252,25/12/16 09:28:05
2056,0.044,04/03/17 23:57:39
2398,0.000,25/12/16 22:14:33
2399,0.000,25/12/16 22:16:21
2348,0.020,21/12/16 18:53:26
2392,0.000,25/12/16 22:37:13
1024,0.068,14/06/14 20:10:51
2127,1.012,17/01/17 17:52:28
2488,0.020,26/12/16 08:38:25
2178,0.120,23/08/16 23:45:57
2012,0.012,05/11/16 07:50:27
1352,0.028,10/04/17 07:50:37
2401,0.016,06/12/16 01:42:03
1224,0.936,02/03/17 05:36:25
2405,0.000,06/12/16 01:42:26
1442,0.108,29/06/17 07:10:24
2223,0.556,23/09/16 17:16:26
1138,0.020,20/10/15 22:31:23
1287,0.012,08/02/15 01:07:33
1082,0.036,08/08/15 22:30:44
2133,0.044,16/01/17 22:49:49
1023,0.220,07/08/14 03:46:45
1669,0.072,12/08/16 03:33:06
1459,0.148,09/09/16 02:30:47
1640,1.124,24/07/16 04:31:49
1348,0.004,18/10/16 20:23:16
1301,0.260,26/10/15 11:10:37
1100,0.020,09/08/15 00:17:21
2452,0.000,24/12/16 07:21:56
1672,0.000,12/08/16 05:26:15
2590,0.572,20/06/17 06:08:22
2174,0.000,23/08/16 23:37:31
2175,0.000,23/08/16 23:37:43
1405,0.004,08/09/16 19:55:45
1741,0.288,18/07/15 04:16:02
2177,0.748,23/08/16 23:38:39
2176,0.000,23/08/16 23:38:22
2410,0.064,06/12/16 01:57:26
2450,0.028,24/12/16 07:29:52
1711,0.120,07/02/17 01:52:29
2241,0.272,15/09/16 07:57:13
1560,3.064,06/01/17 08:06:34
2438,0.304,25/12/16 06:24:57
1423,0.000,24/08/16 20:05:56
2181,0.076,23/08/16 23:40:25
2182,0.048,23/08/16 23:40:51
2499,0.000,14/03/17 07:07:48
2179,0.000,23/08/16 23:41:44
1755,0.080,02/01/17 03:41:15
1939,5.608,13/02/17 05:07:04
1853,0.016,25/10/16 12:53:29
2484,0.036,26/12/16 07:25:13
1928,0.048,13/05/16 21:59:20
1933,0.000,19/09/15 13:57:42
1896,0.000,19/09/15 22:00:48
1243,0.008,14/06/14 23:40:16
1855,0.000,31/10/15 21:20:55
1828,0.000,23/09/15 22:22:47
2463,0.008,23/12/16 20:58:46
1383,0.008,06/09/14 04:59:33
2220,0.068,04/11/16 20:02:24
2297,0.012,24/10/16 02:09:08
1898,0.000,19/09/15 22:40:03
1062,0.032,10/10/15 02:55:23
1877,0.000,31/10/15 19:21:13
1337,0.004,06/08/14 00:07:23
1620,0.000,31/10/15 22:45:38
1874,0.000,26/09/15 03:25:17
2340,0.020,07/12/16 22:29:22
1985,0.000,29/10/15 23:59:46
1808,0.000,06/10/15 21:18:16
1539,0.084,11/11/15 12:46:32
1481,2.688,24/10/16 18:57:39
1980,0.000,27/10/15 19:54:14
1834,0.000,02/10/15 22:38:27
1410,0.004,04/10/15 20:52:17
1677,0.872,03/10/15 16:51:47
1266,0.028,07/06/14 00:25:13
2285,0.036,09/10/16 01:27:23
2370,0.028,26/12/16 03:33:09
2518,0.000,11/06/17 18:31:18
1195,0.176,11/11/15 19:57:27
1849,0.000,30/09/16 05:57:20
1938,0.028,19/09/15 14:11:52
2489,0.000,26/12/16 04:08:28
1906,0.268,22/09/15 00:01:17
1805,0.000,01/03/17 10:08:37
2233,0.000,14/09/16 04:32:52
1032,0.308,17/07/15 18:38:34
1112,2.700,01/05/16 05:47:39
1768,0.040,16/09/15 00:29:52
1323,0.004,08/05/14 02:59:16
1377,0.800,10/07/16 00:07:50
1246,0.040,30/05/14 23:08:53
1973,0.176,26/10/15 23:16:39
2389,0.348,26/12/16 00:51:40
1162,0.136,12/10/15 21:51:01
1309,0.004,24/06/14 10:30:38
1558,0.080,17/04/15 01:28:52
2440,0.040,25/12/16 06:17:57
2221,0.000,23/09/16 16:20:00
1751,0.232,26/08/15 16:37:54
1357,0.032,07/02/15 00:44:00
1187,0.000,16/05/14 04:39:15
1637,0.112,24/07/16 23:36:25
2474,0.116,27/12/16 22:26:01
2518,0.000,11/06/17 18:31:18
1938,0.028,19/09/15 14:11:52
2489,0.000,26/12/16 04:08:28
1906,0.268,22/09/15 00:01:17
2233,0.000,14/09/16 04:32:52
1112,2.700,01/05/16 05:47:39
1377,0.800,10/07/16 00:07:50
1246,0.040,30/05/14 23:08:53
1973,0.176,26/10/15 23:16:39
1162,0.136,12/10/15 21:51:01
2440,0.040,25/12/16 06:17:57
2221,0.000,23/09/16 16:20:00
1357,0.032,07/02/15 00:44:00
1187,0.000,16/05/14 04:39:15
1637,0.112,24/07/16 23:36:25
2474,0.116,27/12/16 22:26:01
2236,0.608,20/09/16 18:22:17
2475,0.520,19/12/16 22:43:16
2477,0.172,19/12/16 22:43:40
1332,0.000,15/06/14 00:22:51
2478,0.000,19/12/16 22:44:03
2481,0.864,19/12/16 22:45:52
2529,1.872,17/04/17 02:27:48
1407,0.020,31/10/15 20:40:03
2087,0.852,12/07/16 06:33:40
2042,0.068,28/04/16 04:46:54
1775,0.672,01/01/17 05:50:53
1249,0.012,26/06/14 02:40:30
2468,0.076,23/12/16 17:49:06
1580,0.000,30/09/16 01:07:36
1957,0.000,26/10/15 21:47:28
1373,0.392,30/08/15 00:51:31
1948,0.000,02/01/17 02:04:27
2414,0.000,06/12/16 01:57:51
1206,0.000,29/08/15 04:22:59
1946,0.168,02/01/17 02:14:35
2336,0.036,30/12/16 06:24:46
2417,0.000,06/12/16 01:58:14
2411,0.000,06/12/16 01:59:03
1797,0.340,01/03/17 09:11:45
1848,0.000,31/10/15 21:08:06
1119,0.000,21/10/15 01:18:53
2447,0.288,24/12/16 21:41:32
1343,0.084,23/08/16 03:54:26
2154,0.000,11/08/16 06:57:07
1921,0.000,15/09/15 23:38:12
1194,0.000,06/12/15 20:05:39
1519,0.036,31/08/15 13:11:49
1923,0.008,15/09/15 23:40:56
1362,0.000,11/11/15 01:58:42
1750,0.000,01/09/15 01:22:23
1135,0.716,13/05/16 22:36:04
2157,0.004,11/08/16 07:13:26
1831,0.540,02/10/15 21:56:54
1913,0.020,13/10/15 02:50:52
1222,0.004,12/06/14 20:19:46
1456,0.016,14/05/16 07:48:14
1121,0.020,07/08/14 23:03:31
1464,0.024,07/06/17 04:23:48
1579,0.032,30/09/16 05:49:48
1424,0.236,14/12/15 23:49:09
1981,0.020,30/09/16 01:27:07
1927,0.008,08/11/15 22:07:22
1264,0.032,07/12/15 23:02:51
1749,0.112,15/10/15 01:05:36
1970,0.848,07/11/15 17:40:26
1958,0.000,07/11/15 17:57:54
1458,1.344,21/11/15 01:34:56
2376,0.000,26/12/16 03:08:58
2374,0.000,26/12/16 03:09:25
1559,0.008,12/06/14 02:48:43
1209,0.700,20/02/16 00:28:28
1987,0.000,26/11/15 23:52:52
1726,0.000,17/11/15 13:37:40
1515,0.004,21/11/15 17:55:26
1764,0.028,21/11/15 18:09:34
1513,0.260,10/10/15 01:05:15
1989,0.036,27/11/15 14:41:11
2462,0.000,23/12/16 22:00:06
1880,0.000,27/12/15 22:19:32
1890,0.000,27/12/15 22:57:43
1438,0.004,07/01/16 16:37:30
2010,0.208,15/12/15 21:37:09
2013,0.000,18/12/15 23:41:58
1645,0.004,27/07/16 23:42:59
2472,0.000,22/12/16 23:35:51
1807,0.000,01/03/17 10:18:03
1784,0.184,01/01/17 07:30:58
2446,0.080,16/12/16 04:26:09
2456,0.000,24/12/16 07:05:38
1369,0.036,21/05/17 09:02:31
2455,0.000,24/12/16 07:09:37
1651,0.004,27/02/17 03:21:19
1476,0.144,25/07/16 02:59:43
1329,0.004,30/05/14 01:55:32
1522,0.012,04/09/16 02:15:57
2471,0.000,22/12/16 23:53:14
2093,0.156,14/07/16 07:32:38
2470,0.104,22/12/16 23:54:38
1370,0.452,07/06/17 03:48:08
1512,0.000,14/07/16 07:53:47
2147,0.000,11/08/16 05:58:33
2469,0.000,22/12/16 23:57:49
1303,0.004,30/12/16 04:12:13
2454,0.000,24/12/16 07:12:56
2017,0.000,12/07/16 05:49:28
1777,0.244,01/01/17 08:09:22
1340,0.008,25/12/15 20:15:48
1069,0.008,04/10/15 03:47:18
1673,0.004,12/08/16 19:48:22
2453,0.000,24/12/16 07:15:19
1385,0.040,11/07/16 02:37:23
2536,0.044,29/06/17 23:25:53
1271,0.288,24/07/15 00:36:39
2355,0.000,16/12/16 05:23:48
2148,0.036,11/08/16 06:16:41
2299,0.156,24/10/16 02:28:32
2485,0.004,26/12/16 08:03:29
1429,0.032,18/09/15 00:18:45
2505,0.000,14/03/17 07:37:03
2183,0.032,23/08/16 04:25:20
1455,0.044,07/06/17 06:07:25
2288,0.360,24/10/16 00:41:07
1235,0.028,14/06/14 22:39:48
1145,0.976,29/10/15 22:46:44
2059,0.000,24/10/16 00:50:54
2061,0.000,24/10/16 00:52:30
2062,0.000,24/10/16 00:53:19
2065,0.040,24/10/16 00:53:47
1586,0.460,03/09/15 16:28:31
1390,0.008,28/12/16 01:21:51
1413,0.012,07/09/16 02:51:05
2404,0.032,06/12/16 01:54:13
1658,0.028,25/10/16 20:10:55
2585,0.000,03/07/17 05:34:00
1900,0.024,21/08/16 06:18:38
1839,0.036,28/12/16 06:32:17
1244,0.108,23/09/15 01:21:23
2346,0.240,14/11/16 23:25:42
2587,0.000,20/06/17 07:17:19
1292,0.020,04/08/14 20:54:19
2347,0.496,08/01/17 08:49:44
1875,0.000,22/09/15 00:22:43
1316,0.004,16/08/16 01:42:17
1371,0.000,30/12/16 05:18:49
1667,0.000,24/04/15 21:01:22
1739,0.000,19/04/15 15:39:49
2435,0.000,25/12/16 06:43:29
1215,0.060,17/08/15 11:15:07
1363,0.004,07/01/16 02:30:32
2100,0.004,18/05/17 06:35:42
1061,0.000,20/04/15 18:03:08
1276,0.012,08/02/15 00:30:18
1279,0.000,10/02/15 00:43:49
1707,0.000,18/04/17 07:30:26
2466,0.000,23/12/16 20:42:20
2358,1.312,16/12/16 07:42:59
1042,0.000,26/05/14 23:01:53
1066,0.000,20/04/15 18:07:12
1947,0.164,24/08/16 04:45:04
2388,0.000,26/12/16 00:58:00
1067,0.000,20/04/15 18:08:01
1450,0.112,18/05/17 07:44:37
2386,0.000,26/12/16 01:06:41
1109,0.048,20/11/16 09:27:20
1496,0.536,25/10/15 06:16:57
1072,0.000,20/04/15 18:09:40
1073,0.000,20/04/15 18:11:01
1248,0.008,07/08/14 20:58:51
1364,0.016,04/07/16 20:54:52
2439,0.000,06/01/17 06:07:13
2415,0.000,06/12/16 01:56:08
2408,0.000,06/12/16 01:56:42
2409,0.000,06/12/16 01:57:02
1583,0.004,23/09/15 02:13:51
1829,0.000,30/09/15 14:31:21
1643,0.008,27/07/16 19:01:49
1869,0.000,20/09/15 04:36:43
1342,0.004,07/02/15 23:21:36
1460,1.952,08/11/16 04:31:24
1471,0.004,30/05/14 21:39:02
1180,0.000,16/05/14 00:09:50
2458,0.012,24/12/16 06:44:41
1164,0.000,06/12/15 01:53:47
2406,0.008,07/12/16 22:28:41
2339,0.000,07/12/16 22:29:08
1714,0.008,27/08/15 20:35:14
1909,0.040,21/09/15 17:11:34
1847,0.000,31/10/15 20:52:15
2152,0.000,11/08/16 06:44:35
1083,0.000,21/10/15 21:32:13
1317,0.000,09/08/15 14:34:06
2341,0.220,07/12/16 22:29:37
1453,0.040,02/11/16 21:12:20
1081,0.000,08/08/15 19:33:25
2344,0.000,07/12/16 22:30:11
1160,0.004,10/05/14 02:16:16
1259,0.068,12/10/15 23:08:48
1550,1.200,26/09/15 03:45:52
1835,0.036,02/10/15 22:49:14
1063,0.036,22/10/15 06:22:43
1613,0.056,09/06/17 03:52:10
1358,0.212,14/05/17 17:02:45
1281,0.016,14/06/14 05:07:30
1912,0.456,21/09/15 17:12:49
1467,0.004,17/05/14 00:13:47
1076,0.004,13/11/15 00:37:32
1084,0.048,07/06/15 17:30:05
1411,0.028,07/06/17 19:17:18
1197,0.012,08/05/14 18:41:40
1261,0.076,11/06/17 03:23:14
1199,0.028,10/02/15 00:59:51
1562,0.452,17/06/17 01:45:15
2403,0.300,06/12/16 01:54:22
2290,0.284,17/04/17 06:02:19
1794,0.004,04/10/15 20:38:03
1907,0.256,05/09/15 20:42:52
1251,0.256,17/08/15 12:24:57
1536,0.000,17/05/14 00:21:23
2242,0.000,14/09/16 04:36:41
1059,0.000,19/04/15 05:54:30
1064,0.000,19/04/15 05:57:41
1660,0.812,26/10/16 07:05:19
1709,0.000,20/04/15 17:40:04
1034,1.384,29/11/15 04:19:44
1236,0.008,01/05/16 08:01:25
1584,0.020,25/11/16 16:26:45
1214,0.060,08/05/14 20:46:48
2101,0.000,08/05/17 06:15:46
1446,0.000,07/06/17 22:23:21
1330,0.032,16/08/16 01:43:05
1552,0.892,29/04/16 04:35:34
1469,0.292,27/08/15 23:24:39
1387,0.008,31/10/15 02:15:45
1326,0.100,06/09/16 03:49:29
1514,0.012,01/06/14 06:12:47
2108,0.000,06/07/16 03:29:57
2022,0.000,13/05/16 22:46:09
1881,0.000,03/11/16 22:39:52
1554,0.004,30/09/16 00:43:42
2129,0.060,19/01/17 07:50:46
1712,1.440,06/02/17 22:52:24
1092,0.228,20/11/16 07:23:14
1653,0.056,17/07/16 08:51:26
1349,0.032,16/08/16 01:43:54
1953,0.192,08/11/15 01:17:29
1470,0.040,21/07/16 08:03:06
2003,0.000,10/07/16 01:33:30
2120,0.096,06/07/16 02:47:34
2244,0.196,14/09/16 03:58:10
1025,0.060,26/09/14 19:02:07
1210,0.208,29/10/16 02:57:54
1203,0.076,29/10/16 00:04:55
1318,0.004,06/06/14 22:57:46
2116,0.000,06/07/16 03:03:26
1541,0.000,07/05/14 18:57:01
1046,0.000,07/05/14 21:38:50
1161,0.000,07/05/14 23:57:14
1247,0.000,08/05/14 02:46:03
1533,0.000,09/05/14 02:06:24
1114,0.000,10/05/14 01:19:00
1150,0.000,13/05/14 17:39:20
1143,0.000,13/05/14 17:40:43
1376,0.112,14/05/14 19:07:33
1174,0.000,20/05/14 01:30:17
1177,0.000,15/05/14 23:47:06
1178,0.000,15/05/14 23:52:38
1183,0.000,16/05/14 00:35:53
1184,0.000,16/05/14 00:37:17
1013,0.000,16/05/14 03:19:45
1020,0.000,16/05/14 23:28:44
1047,0.000,16/05/14 23:45:56
1186,0.000,16/05/14 23:53:18
1103,0.000,17/05/14 01:26:15
1840,0.000,06/10/15 02:02:47
1547,0.008,24/05/14 03:07:40
1154,0.000,24/05/14 02:53:07
1105,0.000,26/05/14 22:45:20
1397,0.004,30/05/14 01:09:21
1228,0.000,30/05/14 20:58:10
2528,0.004,17/04/17 05:44:50
2526,0.348,17/04/17 06:09:40
1116,0.004,20/10/15 01:12:12
2091,0.032,08/05/17 01:34:53
2598,0.000,29/06/17 19:06:18
1128,0.036,20/02/16 00:29:11
2310,0.000,16/05/17 06:52:18
1192,0.016,07/06/14 17:16:00
1221,0.016,08/05/14 02:03:25
2595,0.036,29/06/17 19:12:42
1484,0.292,12/05/17 23:55:27
1193,0.072,06/12/15 02:02:02
1277,0.004,26/06/14 02:25:28
1836,0.036,02/10/15 22:59:50
1588,0.032,19/04/15 05:47:50
1789,0.016,31/10/15 19:33:04
1026,0.044,20/06/17 00:40:49
1268,0.040,23/06/17 23:44:52
1336,1.724,16/06/17 12:12:09
1501,0.104,12/06/17 03:27:58
1274,0.000,10/06/17 22:55:35
1759,0.008,26/08/15 16:42:31
1607,0.004,02/09/15 13:36:37
1915,1.120,16/10/15 23:31:04
2079,0.120,17/05/17 04:11:24
1285,0.032,03/07/14 04:47:56
1425,0.052,11/06/17 04:09:32
1452,0.056,11/06/17 07:56:54
1428,0.008,07/01/16 02:56:02
1649,0.024,17/07/16 06:30:51
2089,0.532,09/07/16 07:39:53
1556,0.068,02/11/15 12:58:52
1863,1.024,22/12/16 16:49:16
1676,0.072,25/12/15 22:27:54
1748,0.048,11/01/17 10:59:26
2429,0.016,25/12/16 07:12:44
1300,0.016,06/06/14 23:17:45
1402,0.236,16/08/16 06:03:08
1435,0.096,21/05/14 11:57:20
1451,0.312,11/01/16 18:05:16
2591,0.016,20/06/17 06:06:50
1388,0.144,22/11/16 14:33:38
2294,0.000,24/10/16 01:50:51
2433,0.032,25/12/16 06:49:56
2246,0.020,15/09/16 07:11:51
2243,0.004,15/09/16 07:14:24
2238,0.000,15/09/16 07:38:42
1614,0.848,16/12/16 04:57:24
2451,0.000,24/12/16 07:25:31
2185,0.224,03/10/16 19:41:01
2286,0.000,24/10/16 00:01:09
1838,0.012,06/10/15 00:39:54
2449,0.000,24/12/16 07:35:55
2240,0.004,15/09/16 07:46:20
2365,0.000,16/12/16 05:08:53
1378,1.312,08/11/16 23:00:44
2217,0.000,23/09/16 16:22:44
2425,0.000,25/12/16 08:44:41
2218,0.036,23/09/16 16:30:19
1578,0.024,18/04/15 16:55:25
2423,0.000,25/12/16 08:47:27
1108,1.888,02/06/17 18:45:34
1234,0.020,14/06/14 04:25:02
2444,0.000,25/12/16 05:54:18
1609,0.360,20/04/15 19:15:15
2421,0.000,25/12/16 09:01:12
1661,0.032,25/10/16 20:22:05
1778,0.652,01/01/17 20:59:05
2351,0.264,16/11/16 01:42:00
1088,0.348,12/10/15 21:39:04
2397,0.000,25/12/16 22:19:38
2396,0.004,25/12/16 22:22:16
2395,0.000,25/12/16 22:23:40
2394,0.004,25/12/16 22:24:49
1806,0.048,01/03/17 22:23:51
2393,0.000,25/12/16 22:32:57
2391,0.032,25/12/16 22:41:54
1415,0.008,02/07/17 08:00:52
1137,1.496,27/12/16 10:26:29
1440,0.088,08/11/16 22:06:08
2402,0.000,06/12/16 01:43:31
1269,0.016,20/05/17 22:10:03
1630,0.000,31/12/16 07:19:22
2289,0.068,24/10/16 00:43:49
2457,0.000,24/12/16 07:01:05
1134,0.052,30/10/15 00:26:25
1444,0.244,19/10/15 02:32:11
1474,0.000,24/07/16 02:01:34
2300,0.064,24/10/16 02:22:02
1641,0.000,27/07/16 18:16:35
1322,1.452,27/12/16 08:22:28
2293,0.000,24/10/16 01:41:20
1245,0.012,12/05/14 12:47:15
1284,0.400,16/04/15 14:29:27
1057,0.028,02/01/17 06:37:51
1642,0.020,27/07/16 21:05:26
1433,0.000,04/01/17 00:27:23
2349,0.000,09/12/16 13:51:01
1516,0.008,12/06/14 21:37:58
1886,0.516,24/10/16 07:04:12
2146,0.000,11/08/16 05:57:07
1776,0.020,01/01/17 07:46:38
1654,1.256,18/07/16 03:07:52
2476,1.644,03/01/17 06:24:53
2353,0.000,21/12/16 21:43:36
1403,0.108,07/01/16 02:49:40
1136,0.072,07/05/14 18:53:17
1585,0.088,23/09/15 02:03:25
1566,0.884,29/10/15 23:41:34
1650,0.000,17/07/16 06:11:41
1499,0.036,08/07/16 21:08:00
1636,0.648,19/07/16 00:08:19
2561,0.000,07/06/17 04:42:21
1374,0.008,10/12/15 00:01:31
1861,0.440,15/12/15 00:44:27
2573,0.000,13/06/17 03:41:44
1360,0.004,06/01/16 12:59:09
2373,0.000,26/12/16 03:20:47
1408,0.116,08/07/17 07:33:58
2311,0.000,24/06/17 00:34:35
1253,0.032,11/06/14 23:31:12
1366,0.004,07/01/16 02:35:05
1293,0.064,06/07/17 07:18:12
2343,0.116,07/12/16 22:30:00
1379,0.024,07/06/14 17:01:15
1730,0.004,19/06/17 04:12:38
1237,0.856,07/08/14 20:30:01
2556,0.004,29/06/17 21:48:54
2222,0.192,23/09/16 16:16:00
1527,0.244,12/06/17 03:51:12
2593,0.000,27/06/17 04:30:22
2028,0.180,27/06/17 04:50:19
2313,0.000,27/06/17 05:24:11
1275,0.128,11/07/17 05:08:40
1904,0.308,17/11/16 03:58:36
1999,0.040,20/12/15 20:12:34
1638,0.108,20/07/16 06:32:33
1811,0.012,07/01/16 17:49:05
1401,0.024,02/06/17 05:59:45
1824,0.140,11/01/16 16:39:09
1359,0.336,06/09/16 23:52:16
1549,0.008,26/09/15 02:40:21
1883,0.148,27/12/15 23:37:33
2016,0.000,18/12/15 23:42:19
2541,0.244,07/06/17 04:47:15
1167,0.132,06/12/15 04:06:49
1191,0.092,06/12/15 18:42:09
1955,0.136,26/10/15 21:54:00
1260,0.640,19/11/16 01:18:05
1803,0.000,26/12/15 00:21:48
1670,0.008,17/01/16 16:49:50
2576,0.096,13/06/17 03:40:34
1997,0.000,25/12/15 20:21:39
1361,0.000,02/01/17 05:27:09
1793,0.000,25/12/15 20:36:05
1801,0.604,01/03/17 09:47:09
1816,0.000,25/12/15 20:53:35
1962,0.040,26/10/15 22:49:44
1328,0.012,21/06/17 05:46:17
1409,0.176,08/07/17 07:48:42
2334,0.064,30/12/16 04:41:30
1125,0.008,20/10/15 01:22:10
2575,1.500,13/06/17 03:49:23
1417,0.060,02/07/17 23:21:36
1437,0.032,06/06/14 23:37:15
1058,0.008,17/06/17 04:48:18
2560,0.308,04/07/17 04:12:09
1786,0.040,11/11/15 18:12:05
1382,0.032,18/05/17 05:34:53
1367,0.024,08/02/15 01:35:14
2400,0.120,06/12/16 01:41:45
2407,0.432,06/12/16 01:53:47
1240,0.024,07/06/14 22:05:00
1486,0.144,01/06/14 02:08:58
1272,0.028,07/02/15 23:53:32
1551,0.000,09/02/15 20:36:46
1632,0.000,10/02/15 01:10:48
1060,0.000,19/04/15 05:55:42
1851,0.052,01/03/17 22:54:02
1581,0.000,12/02/15 23:37:29
1035,0.000,07/05/14 21:53:47
2023,0.000,13/05/16 22:48:48
1289,0.000,12/02/15 21:55:10
1075,0.000,17/08/15 16:13:06
1864,0.000,31/10/15 21:31:20
1040,0.000,07/05/14 23:34:19
1004,0.000,07/05/14 19:25:42
1041,0.000,13/05/14 17:11:05
1593,0.040,04/02/15 18:58:30
1001,0.000,06/05/14 14:09:15
1006,0.000,07/05/14 19:28:53
1007,0.000,24/10/14 19:04:06
1002,0.000,07/05/14 19:23:00
1005,0.000,07/05/14 19:27:41
1003,0.000,07/05/14 19:25:06
1008,0.000,07/05/14 19:40:18
2431,0.000,25/12/16 07:03:46
1708,0.000,20/04/15 17:16:33
1171,0.000,06/12/15 02:02:18
2026,0.000,13/05/16 22:52:26
2027,0.000,13/05/16 22:53:08
1591,0.012,31/10/15 21:54:56
1255,0.004,24/06/14 10:58:38
2024,0.036,13/05/16 22:54:33
1493,0.116,06/11/16 03:28:47
2382,0.000,26/12/16 01:32:27
1902,0.544,26/09/15 18:35:55
1914,0.000,21/09/15 16:01:28
2384,0.112,26/12/16 01:40:40
1131,0.000,20/10/15 01:25:44
1561,0.008,12/06/14 21:55:43
2150,0.000,11/08/16 06:26:09
1945,0.000,19/10/15 19:40:24
1142,0.004,29/05/14 01:35:17
1920,0.044,21/09/15 17:10:28
1930,0.000,20/09/15 13:43:30
1587,1.276,02/10/16 00:48:01
1850,0.032,30/09/16 19:26:03
1675,0.348,12/08/16 05:16:54
1327,0.004,04/02/15 20:03:24
2191,0.000,16/01/17 02:44:49
1122,0.040,01/09/16 18:45:24
1553,0.004,01/06/14 19:17:35
1454,0.004,05/12/16 02:32:48
1104,0.020,01/07/14 01:23:32
1737,0.000,07/01/16 18:07:49
1573,0.008,04/01/16 12:19:15
1449,0.004,11/01/16 17:49:22
1663,0.076,11/01/16 04:32:31
1901,0.048,05/09/15 23:32:28
1802,0.000,01/03/17 09:54:15
2011,0.092,25/12/15 07:29:23
1232,0.016,20/01/17 05:00:18
2483,0.000,19/12/16 22:46:55
1258,0.032,12/10/15 20:56:37
1308,0.016,24/05/14 02:42:11
2366,0.000,07/12/16 22:34:03
1375,0.016,09/08/14 02:13:36
2578,0.012,13/06/17 04:05:11
1220,0.144,24/05/14 03:21:17
1622,0.004,27/05/16 21:15:51
2512,0.008,15/03/17 07:22:01
1365,0.216,02/07/17 02:39:26
2097,2.084,01/01/17 02:57:46
1430,0.004,01/05/16 08:16:32
2068,0.000,10/01/17 04:21:52
1254,0.016,19/09/14 03:38:26
1781,0.684,30/12/16 04:35:56
1697,0.276,02/06/17 07:18:45
2054,0.320,05/03/17 00:37:09
2188,0.008,16/01/17 20:24:31
1631,0.116,31/12/16 07:39:50
1478,0.060,31/05/14 03:21:31
1049,0.000,14/06/14 23:51:41
1029,0.000,26/05/14 19:37:16
2186,2.300,05/09/16 02:11:26
1305,0.004,19/09/14 04:00:47
1608,0.028,19/09/14 22:59:55
1532,0.000,19/09/14 23:15:35
2441,0.000,25/12/16 06:14:03
1242,0.000,10/10/14 19:05:36
1012,0.000,16/05/14 03:16:23
1418,0.112,09/11/16 03:31:41
1952,0.500,19/10/15 16:18:53
1011,0.000,16/05/14 03:11:57
1045,0.000,26/05/14 23:13:11
2131,0.232,17/01/17 17:13:38
1647,0.000,27/07/16 18:34:03
1414,0.004,11/06/14 23:00:34
2102,0.000,18/05/17 05:08:17
2103,0.032,18/05/17 05:15:06
2114,0.140,01/01/17 00:03:24
2436,0.000,25/12/16 06:39:31
1392,0.000,08/11/16 19:34:46
1051,0.000,01/07/14 02:01:35
1115,0.000,20/10/15 01:11:48
1628,0.000,31/12/16 08:30:32
1037,0.000,09/05/14 02:14:14
2124,0.068,17/01/17 16:55:30
1021,0.000,16/05/14 23:25:05
